paso,media,desv,min,max,avance_pista
25000,-73.68023617042523,6.99931297625352,-80.75454545454585,-61.94092664092702,0.06821406113858944
50000,45.85174132343995,78.03677120489883,-34.3939393939401,151.79487179487276,0.14740603863245375
75000,-33.340236170425555,6.9888267209248305,-40.454545454546164,-21.64092664092734,0.06821406113858944
100000,379.6719853323528,102.13007035109653,263.4905660377251,495.7335907335789,0.481226282641377
125000,492.86368909009286,53.316988016565716,459.4871794871742,584.2452830188554,0.5944179863991185
150000,399.12838563781304,115.09982122867328,268.6363636363669,518.8996138995994,0.5006826829468339
175000,-94.99999999999895,4.3800795900274466e-14,-94.99999999999903,-94.99999999999893,0.00655429730901429
200000,655.5542630070775,171.3981464121091,408.1446540880359,776.7948717948582,0.7571085603161076
225000,518.8120378686315,180.8589246395763,329.2424242424156,812.335907335892,0.6203663351776558
250000,-94.99999999999895,4.3800795900274466e-14,-94.99999999999903,-94.99999999999893,0.00655429730901429
