semilla,retorno,decisiones,avance_pista,fin,modelo,epsilon
1000,816.2627986347964,238,0.9180887372013652,límite de tiempo,mejor,0.0
1001,366.5384615384497,238,0.46794871794871795,límite de tiempo,mejor,0.0
1002,828.6363636363478,238,0.9309090909090909,límite de tiempo,mejor,0.0
1003,538.3333333333196,238,0.64,límite de tiempo,mejor,0.0
1004,703.6577181207933,238,0.8053691275167785,límite de tiempo,mejor,0.0
1005,355.9202453987608,238,0.4570552147239264,límite de tiempo,mejor,0.0
1006,826.4285714285552,238,0.9285714285714286,límite de tiempo,mejor,0.0
1007,273.93203883493777,238,0.37540453074433655,límite de tiempo,mejor,0.0
1008,639.1772151898622,238,0.740506329113924,límite de tiempo,mejor,0.0
1009,575.3703703703552,238,0.6777777777777778,límite de tiempo,mejor,0.0
1010,330.59523809523324,238,0.43154761904761907,límite de tiempo,mejor,0.0
1011,779.1721854304535,238,0.8807947019867549,límite de tiempo,mejor,0.0
1012,763.1081081080913,238,0.8648648648648649,límite de tiempo,mejor,0.0
1013,549.2048517520087,238,0.6495956873315364,límite de tiempo,mejor,0.0
1014,800.2702702702529,238,0.902027027027027,límite de tiempo,mejor,0.0
1015,721.993464052271,238,0.8235294117647058,límite de tiempo,mejor,0.0
1016,801.4401294498259,238,0.9029126213592233,límite de tiempo,mejor,0.0
1017,423.7713310580064,238,0.5255972696245734,límite de tiempo,mejor,0.0
1018,313.16326530611127,238,0.4139941690962099,límite de tiempo,mejor,0.0
1019,902.2650557620691,226,1.0,vuelta completa,mejor,0.0
1020,713.2191780821765,238,0.815068493150685,límite de tiempo,mejor,0.0
1021,387.4561403508662,238,0.48830409356725146,límite de tiempo,mejor,0.0
1022,745.989399293273,238,0.8480565371024735,límite de tiempo,mejor,0.0
1023,478.2484076432965,238,0.5796178343949044,límite de tiempo,mejor,0.0
1024,776.5277777777607,238,0.8784722222222222,límite de tiempo,mejor,0.0
1025,628.270440251556,238,0.7295597484276729,límite de tiempo,mejor,0.0
1026,818.3333333333233,238,0.92,límite de tiempo,mejor,0.0
1027,614.0909090908974,238,0.7151515151515152,límite de tiempo,mejor,0.0
1028,912.7318725099534,199,1.0,vuelta completa,mejor,0.0
1029,634.0969899665438,238,0.7357859531772575,límite de tiempo,mejor,0.0
1030,632.2727272727129,238,0.7337662337662337,límite de tiempo,mejor,0.0
1031,659.9407114624396,238,0.7628458498023716,límite de tiempo,mejor,0.0
1032,450.78754578753217,238,0.5531135531135531,límite de tiempo,mejor,0.0
1033,471.4556962025176,238,0.5727848101265823,límite de tiempo,mejor,0.0
1034,856.4925373134172,238,0.9589552238805971,límite de tiempo,mejor,0.0
1035,838.9933993399245,238,0.9405940594059405,límite de tiempo,mejor,0.0
1036,750.9016393442504,238,0.8524590163934426,límite de tiempo,mejor,0.0
1037,735.8157099697723,238,0.8368580060422961,límite de tiempo,mejor,0.0
1038,716.6438356164233,238,0.8184931506849316,límite de tiempo,mejor,0.0
1039,578.6111111110965,238,0.6805555555555556,límite de tiempo,mejor,0.0
1040,853.9051094890345,238,0.9562043795620438,límite de tiempo,mejor,0.0
1041,713.7248322147527,238,0.8154362416107382,límite de tiempo,mejor,0.0
1042,564.999999999989,238,0.6666666666666666,límite de tiempo,mejor,0.0
1043,774.1275167785083,238,0.8758389261744967,límite de tiempo,mejor,0.0
1044,838.0985915492785,238,0.9401408450704225,límite de tiempo,mejor,0.0
1045,844.2857142856989,238,0.9464285714285714,límite de tiempo,mejor,0.0
1046,651.4285714285563,238,0.7535714285714286,límite de tiempo,mejor,0.0
1047,865.2888086642512,238,0.9675090252707581,límite de tiempo,mejor,0.0
1048,811.2499999999827,238,0.9131944444444444,límite de tiempo,mejor,0.0
1049,624.8581560283563,238,0.7269503546099291,límite de tiempo,mejor,0.0
1000,61.996587030721415,238,0.16382252559726962,límite de tiempo,mejor,0.05
1001,763.9743589743464,238,0.8653846153846154,límite de tiempo,mejor,0.05
1002,817.727272727257,238,0.92,límite de tiempo,mejor,0.05
1003,421.66666666665554,238,0.5233333333333333,límite de tiempo,mejor,0.05
1004,874.798657718105,238,0.9765100671140939,límite de tiempo,mejor,0.05
1005,150.28588957054643,180,0.3282208588957055,fuera del mapa,mejor,0.05
1006,879.9999999999847,238,0.9821428571428571,límite de tiempo,mejor,0.05
1007,749.660194174745,238,0.8511326860841424,límite de tiempo,mejor,0.05
1008,525.2531645569509,238,0.6265822784810127,límite de tiempo,mejor,0.05
1009,879.0740740740591,238,0.9814814814814815,límite de tiempo,mejor,0.05
1010,396.0714285714179,238,0.49702380952380953,límite de tiempo,mejor,0.05
1011,434.80132450330234,238,0.5364238410596026,límite de tiempo,mejor,0.05
1012,394.86486486485273,238,0.4966216216216216,límite de tiempo,mejor,0.05
1013,667.8032345013335,238,0.7681940700808625,límite de tiempo,mejor,0.05
1014,310.40540540539763,238,0.41216216216216217,límite de tiempo,mejor,0.05
1015,813.4967320261259,238,0.9150326797385621,límite de tiempo,mejor,0.05
1016,409.8543689320271,238,0.511326860841424,límite de tiempo,mejor,0.05
1017,713.8737201365027,238,0.8156996587030717,límite de tiempo,mejor,0.05
1018,295.67055393585025,238,0.3965014577259475,límite de tiempo,mejor,0.05
1019,871.5427509293545,238,0.9739776951672863,límite de tiempo,mejor,0.05
1020,634.4520547945087,238,0.7363013698630136,límite de tiempo,mejor,0.05
1021,495.64327485379107,238,0.5964912280701754,límite de tiempo,mejor,0.05
1022,806.060070671368,238,0.9081272084805654,límite de tiempo,mejor,0.05
1023,526.0191082802438,238,0.6273885350318471,límite de tiempo,mejor,0.05
1024,623.7499999999868,238,0.7256944444444444,límite de tiempo,mejor,0.05
1025,527.6415094339492,238,0.6289308176100629,límite de tiempo,mejor,0.05
1026,761.6666666666559,238,0.8633333333333333,límite de tiempo,mejor,0.05
1027,574.6969696969595,238,0.6757575757575758,límite de tiempo,mejor,0.05
1028,829.3027888446118,238,0.9322709163346613,límite de tiempo,mejor,0.05
1029,674.230769230758,238,0.7759197324414716,límite de tiempo,mejor,0.05
1030,554.3506493506385,238,0.6558441558441559,límite de tiempo,mejor,0.05
1031,865.4743083003855,238,0.9683794466403162,límite de tiempo,mejor,0.05
1032,828.0769230769129,238,0.9304029304029304,límite de tiempo,mejor,0.05
1033,626.5189873417636,238,0.7278481012658228,límite de tiempo,mejor,0.05
1034,849.029850746254,238,0.9514925373134329,límite de tiempo,mejor,0.05
1035,621.1716171617054,238,0.7227722772277227,límite de tiempo,mejor,0.05
1036,511.5573770491692,238,0.6131147540983607,límite de tiempo,mejor,0.05
1037,696.5407854984733,238,0.797583081570997,límite de tiempo,mejor,0.05
1038,899.6506849314896,234,1.0,vuelta completa,mejor,0.05
1039,68.19444444444918,238,0.1701388888888889,límite de tiempo,mejor,0.05
1040,861.2043795620268,238,0.9635036496350365,límite de tiempo,mejor,0.05
1041,794.2617449664292,238,0.8959731543624161,límite de tiempo,mejor,0.05
1042,491.6666666666552,238,0.5933333333333334,límite de tiempo,mejor,0.05
1043,676.8120805369018,238,0.7785234899328859,límite de tiempo,mejor,0.05
1044,845.1408450704064,238,0.9471830985915493,límite de tiempo,mejor,0.05
1045,858.5714285714129,238,0.9607142857142857,límite de tiempo,mejor,0.05
1046,872.8571428571291,238,0.975,límite de tiempo,mejor,0.05
1047,399.58483754511303,238,0.5018050541516246,límite de tiempo,mejor,0.05
1048,734.8611111110953,238,0.8368055555555556,límite de tiempo,mejor,0.05
1049,809.2553191489247,238,0.9113475177304965,límite de tiempo,mejor,0.05
1000,-94.99999999999898,238,0.006825938566552901,límite de tiempo,final,0.0
1001,-94.99999999999896,238,0.00641025641025641,límite de tiempo,final,0.0
1002,-94.999999999999,238,0.007272727272727273,límite de tiempo,final,0.0
1003,-94.99999999999898,238,0.006666666666666667,límite de tiempo,final,0.0
1004,-94.99999999999898,238,0.006711409395973154,límite de tiempo,final,0.0
1005,-94.99999999999895,238,0.006134969325153374,límite de tiempo,final,0.0
1006,-94.999999999999,238,0.007142857142857143,límite de tiempo,final,0.0
1007,-94.99999999999895,238,0.006472491909385114,límite de tiempo,final,0.0
1008,-94.99999999999896,238,0.006329113924050633,límite de tiempo,final,0.0
1009,-94.99999999999902,238,0.007407407407407408,límite de tiempo,final,0.0
1010,-94.99999999999892,238,0.005952380952380952,límite de tiempo,final,0.0
1011,-94.99999999999898,238,0.006622516556291391,límite de tiempo,final,0.0
1012,-94.99999999999899,238,0.006756756756756757,límite de tiempo,final,0.0
1013,-94.9999999999989,238,0.005390835579514825,límite de tiempo,final,0.0
1014,-94.99999999999899,238,0.006756756756756757,límite de tiempo,final,0.0
1015,-94.99999999999898,238,0.006535947712418301,límite de tiempo,final,0.0
1016,-94.99999999999895,238,0.006472491909385114,límite de tiempo,final,0.0
1017,-94.99999999999898,238,0.006825938566552901,límite de tiempo,final,0.0
1018,-94.99999999999892,238,0.0058309037900874635,límite de tiempo,final,0.0
1019,-94.99999999999902,238,0.007434944237918215,límite de tiempo,final,0.0
1020,-94.99999999999898,238,0.00684931506849315,límite de tiempo,final,0.0
1021,-94.99999999999892,238,0.005847953216374269,límite de tiempo,final,0.0
1022,-94.99999999999899,238,0.007067137809187279,límite de tiempo,final,0.0
1023,-94.99999999999895,238,0.006369426751592357,límite de tiempo,final,0.0
1024,-94.99999999999898,238,0.006944444444444444,límite de tiempo,final,0.0
1025,-94.99999999999895,238,0.006289308176100629,límite de tiempo,final,0.0
1026,-94.99999999999898,238,0.006666666666666667,límite de tiempo,final,0.0
1027,-94.99999999999893,238,0.006060606060606061,límite de tiempo,final,0.0
1028,-94.99999999999905,238,0.00796812749003984,límite de tiempo,final,0.0
1029,-94.99999999999898,238,0.006688963210702341,límite de tiempo,final,0.0
1030,-94.99999999999896,238,0.006493506493506494,límite de tiempo,final,0.0
1031,-94.99999999999903,238,0.007905138339920948,límite de tiempo,final,0.0
1032,-94.999999999999,238,0.007326007326007326,límite de tiempo,final,0.0
1033,-94.99999999999896,238,0.006329113924050633,límite de tiempo,final,0.0
1034,-94.99999999999903,238,0.007462686567164179,límite de tiempo,final,0.0
1035,-94.99999999999898,238,0.006600660066006601,límite de tiempo,final,0.0
1036,-94.99999999999898,238,0.006557377049180328,límite de tiempo,final,0.0
1037,-94.99999999999893,238,0.006042296072507553,límite de tiempo,final,0.0
1038,-94.99999999999898,238,0.00684931506849315,límite de tiempo,final,0.0
1039,-94.99999999999898,238,0.006944444444444444,límite de tiempo,final,0.0
1040,-94.999999999999,238,0.0072992700729927005,límite de tiempo,final,0.0
1041,-94.99999999999898,238,0.006711409395973154,límite de tiempo,final,0.0
1042,-94.99999999999898,238,0.006666666666666667,límite de tiempo,final,0.0
1043,-94.99999999999898,238,0.006711409395973154,límite de tiempo,final,0.0
1044,-94.99999999999899,238,0.007042253521126761,límite de tiempo,final,0.0
1045,-94.999999999999,238,0.007142857142857143,límite de tiempo,final,0.0
1046,-94.999999999999,238,0.007142857142857143,límite de tiempo,final,0.0
1047,-94.999999999999,238,0.007220216606498195,límite de tiempo,final,0.0
1048,-94.99999999999898,238,0.006944444444444444,límite de tiempo,final,0.0
1049,-94.999999999999,238,0.0070921985815602835,límite de tiempo,final,0.0
1000,-94.99999999999898,238,0.006825938566552901,límite de tiempo,final,0.05
1001,-94.99999999999896,238,0.00641025641025641,límite de tiempo,final,0.05
1002,-40.45454545454649,238,0.06181818181818182,límite de tiempo,final,0.05
1003,-21.66666666666774,238,0.08,límite de tiempo,final,0.05
1004,-68.15436241610806,238,0.03355704697986577,límite de tiempo,final,0.05
1005,39.9693251533738,238,0.1411042944785276,límite de tiempo,final,0.05
1006,-30.7142857142868,238,0.07142857142857142,límite de tiempo,final,0.05
1007,-23.802588996763625,238,0.07766990291262135,límite de tiempo,final,0.05
1008,-6.392405063291941,238,0.0949367088607595,límite de tiempo,final,0.05
1009,8.70370370370371,238,0.1111111111111111,límite de tiempo,final,0.05
1010,-68.2142857142856,238,0.03273809523809524,límite de tiempo,final,0.05
1011,-85.0662251655626,238,0.016556291390728478,límite de tiempo,final,0.05
1012,-64.59459459459565,238,0.037162162162162164,límite de tiempo,final,0.05
1013,-35.70080862533797,238,0.0646900269541779,límite de tiempo,final,0.05
1014,-24.054054054053946,238,0.0777027027027027,límite de tiempo,final,0.05
1015,19.37908496731991,238,0.12091503267973856,límite de tiempo,final,0.05
1016,-88.52750809061416,238,0.012944983818770227,límite de tiempo,final,0.05
1017,-57.457337883959525,238,0.04436860068259386,límite de tiempo,final,0.05
1018,-92.08454810495519,238,0.008746355685131196,límite de tiempo,final,0.05
1019,-61.54275092936888,238,0.040892193308550186,límite de tiempo,final,0.05
1020,-57.3287671232887,238,0.04452054794520548,límite de tiempo,final,0.05
1021,-24.82456140350878,238,0.07602339181286549,límite de tiempo,final,0.05
1022,-63.197879858658325,238,0.038869257950530034,límite de tiempo,final,0.05
1023,-91.815286624203,238,0.009554140127388535,límite de tiempo,final,0.05
1024,12.63888888888838,238,0.11458333333333333,límite de tiempo,final,0.05
1025,-57.26415094339727,238,0.0440251572327044,límite de tiempo,final,0.05
1026,-55.00000000000104,238,0.04666666666666667,límite de tiempo,final,0.05
1027,-82.87878787878681,238,0.01818181818181818,límite de tiempo,final,0.05
1028,-19.30278884462232,238,0.08366533864541832,límite de tiempo,final,0.05
1029,-51.52173913043585,238,0.05016722408026756,límite de tiempo,final,0.05
1030,-91.75324675324572,238,0.00974025974025974,límite de tiempo,final,0.05
1031,-83.14229249011763,238,0.019762845849802372,límite de tiempo,final,0.05
1032,-76.68498168498174,238,0.02564102564102564,límite de tiempo,final,0.05
1033,-28.54430379746944,238,0.07278481012658228,límite de tiempo,final,0.05
1034,9.47761194029807,238,0.11194029850746269,límite de tiempo,final,0.05
1035,27.112211221121072,238,0.12871287128712872,límite de tiempo,final,0.05
1036,-6.475409836065881,238,0.09508196721311475,límite de tiempo,final,0.05
1037,-73.85196374622379,238,0.027190332326283987,límite de tiempo,final,0.05
1038,-94.99999999999898,238,0.00684931506849315,límite de tiempo,final,0.05
1039,-56.805555555556616,238,0.04513888888888889,límite de tiempo,final,0.05
1040,-22.00729927007407,238,0.08029197080291971,límite de tiempo,final,0.05
1041,-64.79865771812077,238,0.03691275167785235,límite de tiempo,final,0.05
1042,-84.99999999999946,238,0.016666666666666666,límite de tiempo,final,0.05
1043,-71.51006711409462,238,0.030201342281879196,límite de tiempo,final,0.05
1044,-66.83098591549368,238,0.035211267605633804,límite de tiempo,final,0.05
1045,-87.85714285714187,238,0.014285714285714285,límite de tiempo,final,0.05
1046,-23.57142857142877,238,0.07857142857142857,límite de tiempo,final,0.05
1047,-55.288808664260436,238,0.04693140794223827,límite de tiempo,final,0.05
1048,-91.52777777777702,238,0.010416666666666666,límite de tiempo,final,0.05
1049,-16.98581560283756,238,0.0851063829787234,límite de tiempo,final,0.05
